serial_number,name,type,brand,model,serial_number,inventory_number,processor,ram,hard_drive,operating_system,description,status,location,notes,requirement,assigned_user_id,created_at,updated_at,,
EQP-A4BB8,PC Recepción,desktop,Dell,Optiplex 3080,ABC123456,SBS-0001,Intel i5,8GB,256GB SSD,Windows 10,Equipo de recepción,assigned,Oficina principal,Sin observaciones,Ninguno,,15/11/2025,15/11/2025,,
EQP-A4BB3,Impresora HP,printer,HP,LaserJet 1020,PRN987654,SBS-0002,,,,,Impresora de oficina,available,Oficina de impresión,Requiere tóner,Tóner HP 12A,,15/11/2025,15/11/2025,,
EQP-A4BB4,Laptop Dirección,laptop,Lenovo,ThinkPad L14,LT123789,SBS-0003,Intel i7,16GB,512GB SSD,Windows 11,Equipo portátil para dirección,maintenance,Dirección,Pantalla dañada,Reparar pantalla,,15/11/2025,15/11/2025,,
EQP-A4BBA,EQP-A4BBA,SBS-0020,desktop,47701,Dell,Inspire, Procesador E5500, 4 GB de Ram , Disco Solido de  240 GB.,1561515636,,Activo,DIRECCI�N GENERAL DE DESARROLLO REGIONAL,Captura,Asignado a Captura Pecera Planta Alta,Ninguno,,,,"{id:'EQP-83B2F',inventory_number:'SBS-0022',type:'desktop',assigned_user_id:'47753',brand:'Dell',model:'Inspire',processor:' Procesador I5-6400',ram:' 4 GB de Ram ',hard_drive:' Disco Duro de  1TB GB Mecanico.',serial_number:'1561515638',status:'Activo',location:'DIRECCI�N GENERAL DE DESARROLLO REGIONAL',description:'Captura',notes:'Asignado a Captura Pecera Planta Alta',requirement:'Disco Duro de Estado Solido de 240 GB',created_at:now,updated_at:now},"
EQP-C59EA,EQP-C59EA,SBS-0021,desktop,81788,Dell,Inspire, Procesador J1900 , 8 Gb de Ram , Disco Solido de 240GB,1561515637,,Activo,DIRECCI�N GENERAL DE DESARROLLO REGIONAL,Captura,Asignado a Captura Pecera Planta Alta,Ninguno,,,,"{id:'EQP-07764',inventory_number:'SBS-0023',type:'desktop',assigned_user_id:'30289',brand:'Dell',model:'Inspire',processor:' Procesador I5-6400',ram:' 4 GB de Ram ',hard_drive:' Disco Solido de  480 GB.',serial_number:'1561515639',status:'Activo',location:'DIRECCI�N GENERAL DE DESARROLLO REGIONAL',description:'Captura',notes:'Asignado a Captura Pecera Planta Alta',requirement:'Ninguno',created_at:now,updated_at:now},"
EQP-83B2F,EQP-83B2F,SBS-0022,desktop,47753,Dell,Inspire, Procesador I5-6400, 4 GB de Ram , Disco Duro de  1TB GB Mecanico.,1561515638,,Activo,DIRECCI�N GENERAL DE DESARROLLO REGIONAL,Captura,Asignado a Captura Pecera Planta Alta,Disco Duro de Estado Solido de 240 GB,,,,"{id:'EQP-416A1',inventory_number:'SBS-0024',type:'desktop',assigned_user_id:'47811',brand:'Dell',model:'Inspire',processor:' Procesador I5-6400',ram:' 4 GB de Ram ',hard_drive:' Disco Solido de  480 GB.',serial_number:'1561515640',status:'Activo',location:'DIRECCI�N GENERAL DE DESARROLLO REGIONAL',description:'Captura',notes:'Asignado a Captura Pecera Planta Alta',requirement:'Ninguno',created_at:now,updated_at:now},"
EQP-07764,EQP-07764,SBS-0023,desktop,30289,Dell,Inspire, Procesador I5-6400, 4 GB de Ram , Disco Solido de  480 GB.,1561515639,,Activo,DIRECCI�N GENERAL DE DESARROLLO REGIONAL,Captura,Asignado a Captura Pecera Planta Alta,Ninguno,,,,"{id:'EQP-5199D',inventory_number:'SBS-0025',type:'desktop',assigned_user_id:'42637',brand:'Dell',model:'Inspire',processor:' Procesador I5-6400',ram:' 8 GB de Ram ',hard_drive:' Disco Solido de  240 GB.',serial_number:'1561515641',status:'Activo',location:'DIRECCI�N GENERAL DE INFRAESTRUCTURA SOCIAL',description:'administrativo',notes:'sin observacion',requirement:'Ninguno',created_at:now,updated_at:now},"
EQP-416A1,EQP-416A1,SBS-0024,desktop,47811,Dell,Inspire, Procesador I5-6400, 4 GB de Ram , Disco Solido de  480 GB.,1561515640,,Activo,DIRECCI�N GENERAL DE DESARROLLO REGIONAL,Captura,Asignado a Captura Pecera Planta Alta,Ninguno,,,,"{id:'EQP-87E0E',inventory_number:'SBS-0026',type:'desktop',assigned_user_id:'32982',brand:'Dell',model:'Inspire',processor:' Procesador E5400',ram:' 4 GB de Ram ',hard_drive:' Disco Duro de  160 GB Mecanico.',serial_number:'1561515642',status:'Activo',location:'OFICIALIA DE PARTES',description:'administrativo',notes:'sin observacion',requirement:'Disco Duro de Estado Solido de 240 GB',created_at:now,updated_at:now},"
EQP-5199D,EQP-5199D,SBS-0025,desktop,42637,Dell,Inspire, Procesador I5-6400, 8 GB de Ram , Disco Solido de  240 GB.,1561515641,,Activo,DIRECCI�N GENERAL DE INFRAESTRUCTURA SOCIAL,administrativo,sin observacion,Ninguno,,,,"{id:'EQP-01373',inventory_number:'SBS-0027',type:'desktop',assigned_user_id:'20822',brand:'Dell',model:'Inspire',processor:' Procesador E5400',ram:' 2 GB de Ram ',hard_drive:' Disco Duro de  320 GB Mecanico.',serial_number:'1561515643',status:'Activo',location:'DIRECCION GENERAL DE PARTICIPACION SOCIAL',description:'administrativo',notes:'sin observacion',requirement:'Disco Duro de Estado Solido de 240 GB y 4Gb de Ram',created_at:now,updated_at:now},"
EQP-87E0E,EQP-87E0E,SBS-0026,desktop,32982,Dell,Inspire, Procesador E5400, 4 GB de Ram , Disco Duro de  160 GB Mecanico.,1561515642,,Activo,OFICIALIA DE PARTES,administrativo,sin observacion,Disco Duro de Estado Solido de 240 GB,,,,"{id:'EQP-56B64',inventory_number:'SBS-0028',type:'desktop',assigned_user_id:'81632',brand:'Dell',model:'Inspire',processor:' Procesador I5-6400',ram:' 4 GB de Ram ',hard_drive:' Disco Solido de  240 GB.',serial_number:'1561515644',status:'Activo',location:'DIRECCI�N GENERAL DE DESARROLLO REGIONAL',description:'Captura',notes:'Asignado a Captura Pecera Planta Alta',requirement:'Ninguno',created_at:now,updated_at:now},"
EQP-01373,EQP-01373,SBS-0027,desktop,20822,Dell,Inspire, Procesador E5400, 2 GB de Ram , Disco Duro de  320 GB Mecanico.,1561515643,,Activo,DIRECCION GENERAL DE PARTICIPACION SOCIAL,administrativo,sin observacion,Disco Duro de Estado Solido de 240 GB y 4Gb de Ram,,,,"{id:'EQP-60CCD',inventory_number:'SBS-0029',type:'desktop',assigned_user_id:'82348',brand:'Dell',model:'Inspire',processor:' Procesador I5-10400',ram:' 8 GB de Ram ',hard_drive:' Disco Solido de  480 GB.',serial_number:'1561515645',status:'Activo',location:'SUBSECRETARIA DE INCLUSION SOCIAL',description:'administrativo',notes:'sin observacion',requirement:'Ninguno',created_at:now,updated_at:now},"
EQP-56B64,EQP-56B64,SBS-0028,desktop,81632,Dell,Inspire, Procesador I5-6400, 4 GB de Ram , Disco Solido de  240 GB.,1561515644,,Activo,DIRECCI�N GENERAL DE DESARROLLO REGIONAL,Captura,Asignado a Captura Pecera Planta Alta,Ninguno,,,,"{id:'EQP-3A8B7',inventory_number:'SBS-0030',type:'desktop',assigned_user_id:'43126',brand:'Dell',model:'Inspire',processor:' Procesador I5-10400',ram:' 8 GB de Ram ',hard_drive:' Disco Solido de  480 GB.',serial_number:'1561515646',status:'Activo',location:'DIRECCION GENERAL DE ADMINISTRACION Y PLANEACION',description:'administrativo',notes:'ADMINISTRACION',requirement:'Ninguno',created_at:now,updated_at:now},"
EQP-60CCD,EQP-60CCD,SBS-0029,desktop,82348,Dell,Inspire, Procesador I5-10400, 8 GB de Ram , Disco Solido de  480 GB.,1561515645,,Activo,SUBSECRETARIA DE INCLUSION SOCIAL,administrativo,sin observacion,Ninguno,,,,"{id:'EQP-F8FA4',inventory_number:'SBS-0031',type:'desktop',assigned_user_id:'48234',brand:'Dell',model:'Inspire',processor:' Procesador I5-6400',ram:' 4 GB de Ram ',hard_drive:' Disco Solido de  480 GB.',serial_number:'1561515647',status:'Activo',location:'SUBSECRETAR�A DE INFRAESTRUCTURA SOCIAL',description:'administrativo',notes:'sin observacion',requirement:'Ninguno',created_at:now,updated_at:now},"
EQP-3A8B7,EQP-3A8B7,SBS-0030,desktop,43126,Dell,Inspire, Procesador I5-10400, 8 GB de Ram , Disco Solido de  480 GB.,1561515646,,Activo,DIRECCION GENERAL DE ADMINISTRACION Y PLANEACION,administrativo,ADMINISTRACION,Ninguno,,,,"{id:'EQP-911C3',inventory_number:'SBS-0032',type:'desktop',assigned_user_id:'48029',brand:'Dell',model:'Inspire',processor:' Procesador I5-6400',ram:' 4 GB de Ram ',hard_drive:' Disco Solido de  240 GB.',serial_number:'1561515648',status:'Activo',location:'DIRECCION GENERAL DE ADMINISTRACION Y PLANEACION',description:'administrativo',notes:'VEHICULOS',requirement:'Ninguno',created_at:now,updated_at:now},"
EQP-F8FA4,EQP-F8FA4,SBS-0031,desktop,48234,Dell,Inspire, Procesador I5-6400, 4 GB de Ram , Disco Solido de  480 GB.,1561515647,,Activo,SUBSECRETAR�A DE INFRAESTRUCTURA SOCIAL,administrativo,sin observacion,Ninguno,,,,"{id:'EQP-6A43E',inventory_number:'SBS-0033',type:'desktop',assigned_user_id:'44569',brand:'Dell',model:'Inspire',processor:' Procesador I5-10505',ram:' 8 GB de Ram ',hard_drive:' Disco Solido de  480 GB.',serial_number:'1561515649',status:'Activo',location:'SUBSECRETAR�A DE INFRAESTRUCTURA SOCIAL',description:'administrativo',notes:'sin observacion',requirement:'Ninguno',created_at:now,updated_at:now},"
EQP-911C3,EQP-911C3,SBS-0032,desktop,48029,Dell,Inspire, Procesador I5-6400, 4 GB de Ram , Disco Solido de  240 GB.,1561515648,,Activo,DIRECCION GENERAL DE ADMINISTRACION Y PLANEACION,administrativo,VEHICULOS,Ninguno,,,,"{id:'EQP-E99CC',inventory_number:'SBS-0034',type:'desktop',assigned_user_id:'46910',brand:'Dell',model:'Inspire',processor:' Procesador E5400',ram:' 4 GB de Ram ',hard_drive:' Disco Solido de  240 GB.',serial_number:'1561515650',status:'Activo',location:'ORGANO INTERNO DE CONTROL',description:'administrativo',notes:'sin observacion',requirement:'Ninguno',created_at:now,updated_at:now},"
EQP-6A43E,EQP-6A43E,SBS-0033,desktop,44569,Dell,Inspire, Procesador I5-10505, 8 GB de Ram , Disco Solido de  480 GB.,1561515649,,Activo,SUBSECRETAR�A DE INFRAESTRUCTURA SOCIAL,administrativo,sin observacion,Ninguno,,,,"{id:'EQP-F0937',inventory_number:'SBS-0035',type:'desktop',assigned_user_id:'42587',brand:'Dell',model:'Inspire',processor:' Procesador E5400',ram:' 4 GB de Ram ',hard_drive:' Disco Solido de  240 GB.',serial_number:'1561515651',status:'Activo',location:'DIRECCION GENERAL DE PARTICIPACION SOCIAL',description:'administrativo',notes:'sin observacion',requirement:'Ninguna',created_at:now,updated_at:now},"
EQP-E99CC,EQP-E99CC,SBS-0034,desktop,46910,Dell,Inspire, Procesador E5400, 4 GB de Ram , Disco Solido de  240 GB.,1561515650,,Activo,ORGANO INTERNO DE CONTROL,administrativo,sin observacion,Ninguno,,,,"{id:'EQP-B83B4',inventory_number:'SBS-0036',type:'desktop',assigned_user_id:'80903',brand:'Dell',model:'Inspire',processor:' Procesador I5-10400',ram:' 8 GB de Ram ',hard_drive:' Disco Solido de  240 GB.',serial_number:'1561515652',status:'Activo',location:'DIRECCI�N DE LICITACIONES Y COSTOS',description:'administrativo',notes:'sin observacion',requirement:'Ninguno',created_at:now,updated_at:now},"
EQP-F0937,EQP-F0937,SBS-0035,desktop,42587,Dell,Inspire, Procesador E5400, 4 GB de Ram , Disco Solido de  240 GB.,1561515651,,Activo,DIRECCION GENERAL DE PARTICIPACION SOCIAL,administrativo,sin observacion,Ninguna,,,,"{id:'EQP-EBE8A',inventory_number:'SBS-0037',type:'desktop',assigned_user_id:'80026',brand:'Dell',model:'Inspire',processor:' Procesador I5-6400',ram:' 4 GB de Ram ',hard_drive:' Disco Solido de  480 GB.',serial_number:'1561515653',status:'Activo',location:'DIRECCION GENERAL DE ADMINISTRACION Y PLANEACION',description:'administrativo',notes:'RH',requirement:'Ninguno',created_at:now,updated_at:now},"
EQP-B83B4,EQP-B83B4,SBS-0036,desktop,80903,Dell,Inspire, Procesador I5-10400, 8 GB de Ram , Disco Solido de  240 GB.,1561515652,,Activo,DIRECCI�N DE LICITACIONES Y COSTOS,administrativo,sin observacion,Ninguno,,,,"{id:'EQP-8B832',inventory_number:'SBS-0038',type:'desktop',assigned_user_id:'41968',brand:'Dell',model:'Inspire',processor:' Procesador E5400',ram:'  GB de Ram ',hard_drive:' Disco Duro de  160 GB Mecanico.',serial_number:'1561515654',status:'Activo',location:'DIRECCION GENERAL DE PARTICIPACION SOCIAL',description:'administrativo',notes:'sin observacion',requirement:'Disco Duro de Estado Solido de 240 GB y 4Gb de Ram',created_at:now,updated_at:now},"
EQP-EBE8A,EQP-EBE8A,SBS-0037,desktop,80026,Dell,Inspire, Procesador I5-6400, 4 GB de Ram , Disco Solido de  480 GB.,1561515653,,Activo,DIRECCION GENERAL DE ADMINISTRACION Y PLANEACION,administrativo,RH,Ninguno,,,,"{id:'EQP-E1886',inventory_number:'SBS-0039',type:'desktop',assigned_user_id:'46813',brand:'Dell',model:'Inspire',processor:' Procesador I5-6400',ram:' 4 GB de Ram ',hard_drive:' Disco Solido de  240 GB.',serial_number:'1561515655',status:'Activo',location:'DIRECCI�N GENERAL DE INFRAESTRUCTURA SOCIAL',description:'administrativo',notes:'sin observacion',requirement:'Ninguno',created_at:now,updated_at:now},"
EQP-8B832,EQP-8B832,SBS-0038,desktop,41968,Dell,Inspire, Procesador E5400,  GB de Ram , Disco Duro de  160 GB Mecanico.,1561515654,,Activo,DIRECCION GENERAL DE PARTICIPACION SOCIAL,administrativo,sin observacion,Disco Duro de Estado Solido de 240 GB y 4Gb de Ram,,,,"{id:'EQP-7195E',inventory_number:'SBS-0040',type:'desktop',assigned_user_id:'26655',brand:'Dell',model:'Inspire',processor:' Procesador I5-10400',ram:' 8 GB de Ram ',hard_drive:' Disco Solido de  480 GB.',serial_number:'1561515656',status:'Activo',location:'DIRECCION GENERAL DE ADMINISTRACION Y PLANEACION',description:'administrativo',notes:'VEHICULOS',requirement:'Ninguno',created_at:now,updated_at:now},"
EQP-E1886,EQP-E1886,SBS-0039,desktop,46813,Dell,Inspire, Procesador I5-6400, 4 GB de Ram , Disco Solido de  240 GB.,1561515655,,Activo,DIRECCI�N GENERAL DE INFRAESTRUCTURA SOCIAL,administrativo,sin observacion,Ninguno,,,,"{id:'EQP-C1F8A',inventory_number:'SBS-0041',type:'desktop',assigned_user_id:'45728',brand:'Dell',model:'Inspire',processor:' Procesador E5400',ram:' 4 GB de Ram ',hard_drive:' Disco Duro de  320 GB Mecanico.',serial_number:'1561515657',status:'Activo',location:'DIRECCION GENERAL DE ADMINISTRACION Y PLANEACION',description:'administrativo',notes:'PROGRAMACION',requirement:'Disco Duro de Estado Solido de 240 GB',created_at:now,updated_at:now},"
EQP-7195E,EQP-7195E,SBS-0040,desktop,26655,Dell,Inspire, Procesador I5-10400, 8 GB de Ram , Disco Solido de  480 GB.,1561515656,,Activo,DIRECCION GENERAL DE ADMINISTRACION Y PLANEACION,administrativo,VEHICULOS,Ninguno,,,,"{id:'EQP-7FA24',inventory_number:'SBS-0042',type:'desktop',assigned_user_id:'28118',brand:'Dell',model:'Inspire',processor:' Procesador I5-10505',ram:' 8 GB de Ram ',hard_drive:' Disco Solido de  480 GB.',serial_number:'1561515658',status:'Activo',location:'DESPACHO',description:'administrativo',notes:'sin observacion',requirement:'Ninguno',created_at:now,updated_at:now},"
EQP-C1F8A,EQP-C1F8A,SBS-0041,desktop,45728,Dell,Inspire, Procesador E5400, 4 GB de Ram , Disco Duro de  320 GB Mecanico.,1561515657,,Activo,DIRECCION GENERAL DE ADMINISTRACION Y PLANEACION,administrativo,PROGRAMACION,Disco Duro de Estado Solido de 240 GB,,,,"{id:'EQP-F5403',inventory_number:'SBS-0043',type:'desktop',assigned_user_id:'45439',brand:'Dell',model:'Inspire',processor:' Procesador E5700',ram:' 3 GB de Ram ',hard_drive:' Disco Solido de  240 GB.',serial_number:'1561515659',status:'Activo',location:'DIRECCION DE ATENCION Y GESTION AL CIUDADANO',description:'administrativo',notes:'sin observacion',requirement:'Requiere Ram para aumentar capacidad',created_at:now,updated_at:now},"
EQP-7FA24,EQP-7FA24,SBS-0042,desktop,28118,Dell,Inspire, Procesador I5-10505, 8 GB de Ram , Disco Solido de  480 GB.,1561515658,,Activo,DESPACHO,administrativo,sin observacion,Ninguno,,,,"{id:'EQP-CF566',inventory_number:'SBS-0044',type:'desktop',assigned_user_id:'34449',brand:'Dell',model:'Inspire',processor:' Procesador I5-6400',ram:' 4 GB de Ram ',hard_drive:' Disco Solido de  240 GB.',serial_number:'1561515660',status:'Activo',location:'DIRECCI�N DE LICITACIONES Y COSTOS',description:'administrativo',notes:'sin observacion',requirement:'Ninguno',created_at:now,updated_at:now},"
EQP-F5403,EQP-F5403,SBS-0043,desktop,45439,Dell,Inspire, Procesador E5700, 3 GB de Ram , Disco Solido de  240 GB.,1561515659,,Activo,DIRECCION DE ATENCION Y GESTION AL CIUDADANO,administrativo,sin observacion,Requiere Ram para aumentar capacidad,,,,"{id:'EQP-79BC7',inventory_number:'SBS-0045',type:'desktop',assigned_user_id:'47847',brand:'Dell',model:'Inspire',processor:'',ram:'',hard_drive:'',serial_number:'1561515661',status:'Activo',location:'DIRECCI�N GENERAL DE INFRAESTRUCTURA SOCIAL',description:'administrativo',notes:'sin observacion',requirement:'Ninguna',created_at:now,updated_at:now},"
EQP-CF566,EQP-CF566,SBS-0044,desktop,34449,Dell,Inspire, Procesador I5-6400, 4 GB de Ram , Disco Solido de  240 GB.,1561515660,,Activo,DIRECCI�N DE LICITACIONES Y COSTOS,administrativo,sin observacion,Ninguno,,,,"{id:'EQP-53E37',inventory_number:'SBS-0046',type:'desktop',assigned_user_id:'80892',brand:'Dell',model:'Inspire',processor:' Procesador E5400',ram:' 4 GB de Ram ',hard_drive:' Disco Solido de  240 GB.',serial_number:'1561515662',status:'Activo',location:'SUBDIRECCI�N DE EVALUACI�N SOCIAL ',description:'administrativo',notes:'sin observacion',requirement:'Ninguno',created_at:now,updated_at:now},"
EQP-79BC7,EQP-79BC7,SBS-0045,desktop,47847,Dell,Inspire,,,,1561515661,,Activo,DIRECCI�N GENERAL DE INFRAESTRUCTURA SOCIAL,administrativo,sin observacion,Ninguna,,,,"{id:'EQP-F3226',inventory_number:'SBS-0047',type:'desktop',assigned_user_id:'42944',brand:'Dell',model:'Inspire',processor:' Procesador I5-10505',ram:' 8 GB de Ram ',hard_drive:' Disco Solido de  480 GB.',serial_number:'1561515663',status:'Activo',location:'BIENESTAR',description:'Captura',notes:'Asignado a Captura Pecera Planta Alta',requirement:'Ninguna',created_at:now,updated_at:now},"
EQP-53E37,EQP-53E37,SBS-0046,desktop,80892,Dell,Inspire, Procesador E5400, 4 GB de Ram , Disco Solido de  240 GB.,1561515662,,Activo,SUBDIRECCI�N DE EVALUACI�N SOCIAL ,administrativo,sin observacion,Ninguno,,,,"{id:'EQP-9767C',inventory_number:'SBS-0048',type:'desktop',assigned_user_id:'80889',brand:'Dell',model:'Inspire',processor:' Procesador E5400',ram:' 3 GB de Ram ',hard_drive:' Disco Solido de  240 GB.',serial_number:'1561515664',status:'Activo',location:'DESPACHO',description:'administrativo',notes:'sin observacion',requirement:'Requiere Ram para aumentar capacidad',created_at:now,updated_at:now},"
EQP-F3226,EQP-F3226,SBS-0047,desktop,42944,Dell,Inspire, Procesador I5-10505, 8 GB de Ram , Disco Solido de  480 GB.,1561515663,,Activo,BIENESTAR,Captura,Asignado a Captura Pecera Planta Alta,Ninguna,,,,"{id:'EQP-F06E8',inventory_number:'SBS-0049',type:'desktop',assigned_user_id:'33549',brand:'Dell',model:'Inspire',processor:' Procesador E5400',ram:' 4 GB de Ram ',hard_drive:' Disco Duro de  320 GB Mecanico.',serial_number:'1561515665',status:'Activo',location:'DIRECCI�N GENERAL DE INFRAESTRUCTURA SOCIAL',description:'administrativo',notes:'sin observacion',requirement:'Disco Duro de Estado Solido de 240 GB',created_at:now,updated_at:now},"
EQP-9767C,EQP-9767C,SBS-0048,desktop,80889,Dell,Inspire, Procesador E5400, 3 GB de Ram , Disco Solido de  240 GB.,1561515664,,Activo,DESPACHO,administrativo,sin observacion,Requiere Ram para aumentar capacidad,,,,"{id:'EQP-53D76',inventory_number:'SBS-0050',type:'desktop',assigned_user_id:'46624',brand:'Dell',model:'Inspire',processor:' Procesador E5400',ram:' 4 GB de Ram ',hard_drive:' Disco Solido de  240 GB.',serial_number:'1561515666',status:'Activo',location:'FAIS',description:'administrativo',notes:'sin observacion',requirement:'Ninguno',created_at:now,updated_at:now},"
EQP-F06E8,EQP-F06E8,SBS-0049,desktop,33549,Dell,Inspire, Procesador E5400, 4 GB de Ram , Disco Duro de  320 GB Mecanico.,1561515665,,Activo,DIRECCI�N GENERAL DE INFRAESTRUCTURA SOCIAL,administrativo,sin observacion,Disco Duro de Estado Solido de 240 GB,,,,"{id:'EQP-89A60',inventory_number:'SBS-0051',type:'desktop',assigned_user_id:'33295',brand:'Dell',model:'Inspire',processor:' Procesador I5-6400',ram:' 4 GB de Ram ',hard_drive:' Disco Solido de  480 GB.',serial_number:'1561515667',status:'Activo',location:'SUBDIRECCI�N DE EVALUACI�N SOCIAL ',description:'administrativo',notes:'sin observacion',requirement:'Ninguno',created_at:now,updated_at:now},"
EQP-53D76,EQP-53D76,SBS-0050,desktop,46624,Dell,Inspire, Procesador E5400, 4 GB de Ram , Disco Solido de  240 GB.,1561515666,,Activo,FAIS,administrativo,sin observacion,Ninguno,,,,"{id:'EQP-B8748',inventory_number:'SBS-0052',type:'desktop',assigned_user_id:'45079',brand:'Dell',model:'Inspire',processor:' Procesador I5-6400',ram:' 8GB de Ram ',hard_drive:' Disco Solido de 240 GB.',serial_number:'1561515668',status:'Activo',location:'SISTEMAS',description:'administrativo',notes:'sin observacion',requirement:'Ninguno',created_at:now,updated_at:now},"
EQP-89A60,EQP-89A60,SBS-0051,desktop,33295,Dell,Inspire, Procesador I5-6400, 4 GB de Ram , Disco Solido de  480 GB.,1561515667,,Activo,SUBDIRECCI�N DE EVALUACI�N SOCIAL ,administrativo,sin observacion,Ninguno,,,,"{id:'EQP-1BCFE',inventory_number:'SBS-0053',type:'desktop',assigned_user_id:'43183',brand:'Dell',model:'Inspire',processor:' Procesador E5400',ram:' 4 GB de Ram ',hard_drive:' Disco Solido de  240 GB.',serial_number:'1561515669',status:'Activo',location:'SUBSECRETAR�A DE INFRAESTRUCTURA SOCIAL',description:'administrativo',notes:'sin observacion',requirement:'Ninguno',created_at:now,updated_at:now},"
EQP-B8748,EQP-B8748,SBS-0052,desktop,45079,Dell,Inspire, Procesador I5-6400, 8GB de Ram , Disco Solido de 240 GB.,1561515668,,Activo,SISTEMAS,administrativo,sin observacion,Ninguno,,,,"{id:'EQP-BFB75',inventory_number:'SBS-0054',type:'desktop',assigned_user_id:'23950',brand:'Dell',model:'Inspire',processor:' Procesador E4500',ram:' 4 GB de Ram ',hard_drive:' Disco Duro de  320 GB Mecanico.',serial_number:'1561515670',status:'Activo',location:'DIRECCION DE ATENCION Y GESTION AL CIUDADANO',description:'administrativo',notes:'sin observacion',requirement:'Disco Duro de Estado Solido de 240 GB',created_at:now,updated_at:now},"
EQP-1BCFE,EQP-1BCFE,SBS-0053,desktop,43183,Dell,Inspire, Procesador E5400, 4 GB de Ram , Disco Solido de  240 GB.,1561515669,,Activo,SUBSECRETAR�A DE INFRAESTRUCTURA SOCIAL,administrativo,sin observacion,Ninguno,,,,"{id:'EQP-ACEE8',inventory_number:'SBS-0055',type:'desktop',assigned_user_id:'33496',brand:'Dell',model:'Inspire',processor:' Procesador I5-10400',ram:' 8 GB de Ram ',hard_drive:' Disco Solido de  1TB GB.',serial_number:'1561515671',status:'Activo',location:'DIRECCION GENERAL DE ADMINISTRACION Y PLANEACION',description:'administrativo',notes:'ADMINISTRACION',requirement:'Ninguno',created_at:now,updated_at:now},"
EQP-BFB75,EQP-BFB75,SBS-0054,desktop,23950,Dell,Inspire, Procesador E4500, 4 GB de Ram , Disco Duro de  320 GB Mecanico.,1561515670,,Activo,DIRECCION DE ATENCION Y GESTION AL CIUDADANO,administrativo,sin observacion,Disco Duro de Estado Solido de 240 GB,,,,"{id:'EQP-5E593',inventory_number:'SBS-0056',type:'desktop',assigned_user_id:'47942',brand:'Dell',model:'Inspire',processor:' Procesador ',ram:'  GB de Ram ',hard_drive:' Disco Solido de   GB.',serial_number:'1561515672',status:'Activo',location:'DIRECCI�N GENERAL DE INFRAESTRUCTURA SOCIAL',description:'administrativo',notes:'sin observacion',requirement:'Ninguno',created_at:now,updated_at:now},"
EQP-ACEE8,EQP-ACEE8,SBS-0055,desktop,33496,Dell,Inspire, Procesador I5-10400, 8 GB de Ram , Disco Solido de  1TB GB.,1561515671,,Activo,DIRECCION GENERAL DE ADMINISTRACION Y PLANEACION,administrativo,ADMINISTRACION,Ninguno,,,,"{id:'EQP-84926',inventory_number:'SBS-0057',type:'desktop',assigned_user_id:'46764',brand:'Dell',model:'Inspire',processor:' Procesador I5-10400',ram:' 8 GB de Ram ',hard_drive:' Disco Solido de  480 GB.',serial_number:'1561515673',status:'Activo',location:'DIRECCION GENERAL DE ADMINISTRACION Y PLANEACION',description:'administrativo',notes:'ADMINISTRACION',requirement:'Ninguno',created_at:now,updated_at:now},"
EQP-5E593,EQP-5E593,SBS-0056,desktop,47942,Dell,Inspire, Procesador ,  GB de Ram , Disco Solido de   GB.,1561515672,,Activo,DIRECCI�N GENERAL DE INFRAESTRUCTURA SOCIAL,administrativo,sin observacion,Ninguno,,,,"{id:'EQP-BE997',inventory_number:'SBS-0058',type:'desktop',assigned_user_id:'45725',brand:'Dell',model:'Inspire',processor:' Procesador I5-6400',ram:' 4 GB de Ram ',hard_drive:' Disco Solido de  1TB GB.',serial_number:'1561515674',status:'Activo',location:'DIRECCION GENERAL DE ADMINISTRACION Y PLANEACION',description:'administrativo',notes:'ADMINISTRACION',requirement:'Ninguno',created_at:now,updated_at:now},"
EQP-84926,EQP-84926,SBS-0057,desktop,46764,Dell,Inspire, Procesador I5-10400, 8 GB de Ram , Disco Solido de  480 GB.,1561515673,,Activo,DIRECCION GENERAL DE ADMINISTRACION Y PLANEACION,administrativo,ADMINISTRACION,Ninguno,,,,"{id:'EQP-8EFCE',inventory_number:'SBS-0059',type:'desktop',assigned_user_id:'42622',brand:'Dell',model:'Inspire',processor:' Procesador I5-4590',ram:' 4 GB de Ram ',hard_drive:' Disco Solido de  240 GB.',serial_number:'1561515675',status:'Activo',location:'DIRECCION GENERAL JURIDICA Y DE TRANSPARENCIA',description:'administrativo',notes:'sin observacion',requirement:'Ninguno',created_at:now,updated_at:now},"
EQP-BE997,EQP-BE997,SBS-0058,desktop,45725,Dell,Inspire, Procesador I5-6400, 4 GB de Ram , Disco Solido de  1TB GB.,1561515674,,Activo,DIRECCION GENERAL DE ADMINISTRACION Y PLANEACION,administrativo,ADMINISTRACION,Ninguno,,,,"{id:'EQP-51172',inventory_number:'SBS-0060',type:'desktop',assigned_user_id:'43908',brand:'Dell',model:'Inspire',processor:' Procesador I5-6400',ram:' 4 GB de Ram ',hard_drive:' Disco Solido de  240 GB.',serial_number:'1561515676',status:'Activo',location:'DIRECCION GENERAL DE ADMINISTRACION Y PLANEACION',description:'administrativo',notes:'ADMINISTRACION',requirement:'Requiere Ram para aumentar capacidad',created_at:now,updated_at:now},"
EQP-8EFCE,EQP-8EFCE,SBS-0059,desktop,42622,Dell,Inspire, Procesador I5-4590, 4 GB de Ram , Disco Solido de  240 GB.,1561515675,,Activo,DIRECCION GENERAL JURIDICA Y DE TRANSPARENCIA,administrativo,sin observacion,Ninguno,,,,"{id:'EQP-3D929',inventory_number:'SBS-0061',type:'desktop',assigned_user_id:'48181',brand:'Dell',model:'Inspire',processor:' Procesador E5700',ram:' 3 GB de Ram ',hard_drive:' Disco Solido de  240 GB.',serial_number:'1561515677',status:'Activo',location:'BIENESTAR',description:'Captura',notes:'Asignado a Captura Pecera Planta Alta',requirement:'Requiere Ram para aumentar capacidad',created_at:now,updated_at:now},"
EQP-51172,EQP-51172,SBS-0060,desktop,43908,Dell,Inspire, Procesador I5-6400, 4 GB de Ram , Disco Solido de  240 GB.,1561515676,,Activo,DIRECCION GENERAL DE ADMINISTRACION Y PLANEACION,administrativo,ADMINISTRACION,Requiere Ram para aumentar capacidad,,,,"{id:'EQP-493D8',inventory_number:'SBS-0062',type:'desktop',assigned_user_id:'41969',brand:'Dell',model:'Inspire',processor:' Procesador I5-10400',ram:' 8 GB de Ram ',hard_drive:' Disco Duro de  1TB GB Mecanico.',serial_number:'1561515678',status:'Activo',location:'DESPACHO',description:'administrativo',notes:'sin observacion',requirement:'Disco Duro de Estado Solido de 240 GB',created_at:now,updated_at:now},"
EQP-3D929,EQP-3D929,SBS-0061,desktop,48181,Dell,Inspire, Procesador E5700, 3 GB de Ram , Disco Solido de  240 GB.,1561515677,,Activo,BIENESTAR,Captura,Asignado a Captura Pecera Planta Alta,Requiere Ram para aumentar capacidad,,,,"{id:'EQP-5BC99',inventory_number:'SBS-0063',type:'desktop',assigned_user_id:'45488',brand:'Dell',model:'Inspire',processor:' Procesador I5-6400',ram:' 4 GB de Ram ',hard_drive:' Disco Solido de  240 GB.',serial_number:'1561515679',status:'Activo',location:'DIRECCI�N GENERAL DE INFRAESTRUCTURA SOCIAL',description:'administrativo',notes:'sin observacion',requirement:'Ninguno',created_at:now,updated_at:now},"
EQP-493D8,EQP-493D8,SBS-0062,desktop,41969,Dell,Inspire, Procesador I5-10400, 8 GB de Ram , Disco Duro de  1TB GB Mecanico.,1561515678,,Activo,DESPACHO,administrativo,sin observacion,Disco Duro de Estado Solido de 240 GB,,,,"{id:'EQP-5BC99',inventory_number:'SBS-0064',type:'desktop',assigned_user_id:'41219',brand:'Dell',model:'Inspire',processor:' Procesador I5-10505',ram:' 8 GB de Ram ',hard_drive:' Disco Solido de  480 GB.',serial_number:'1561515680',status:'Activo',location:'BIENESTAR',description:'Captura',notes:'Asignado a Captura Pecera Planta Alta',requirement:'Ninguna',created_at:now,updated_at:now},"
EQP-5BC99,EQP-5BC99,SBS-0063,desktop,45488,Dell,Inspire, Procesador I5-6400, 4 GB de Ram , Disco Solido de  240 GB.,1561515679,,Activo,DIRECCI�N GENERAL DE INFRAESTRUCTURA SOCIAL,administrativo,sin observacion,Ninguno,,,,"{id:'EQP-5BC100',inventory_number:'SBS-0065',type:'desktop',assigned_user_id:'41971',brand:'Dell',model:'Inspire',processor:' Procesador I5-10400',ram:' 8 GB de Ram ',hard_drive:' Disco Solido de  240 GB.',serial_number:'1561515681',status:'Activo',location:'DIRECCION GENERAL DE ADMINISTRACION Y PLANEACION',description:'administrativo',notes:'ADMINISTRACION',requirement:'Ninguno',created_at:now,updated_at:now},"
EQP-5BC99,EQP-5BC99,SBS-0064,desktop,41219,Dell,Inspire, Procesador I5-10505, 8 GB de Ram , Disco Solido de  480 GB.,1561515680,,Activo,BIENESTAR,Captura,Asignado a Captura Pecera Planta Alta,Ninguna,,,,"{id:'EQP-5BC101',inventory_number:'SBS-0066',type:'desktop',assigned_user_id:'14621',brand:'Dell',model:'Inspire',processor:' Procesador I5-10400',ram:' 8 GB de Ram ',hard_drive:' Disco Solido de  480 GB.',serial_number:'1561515682',status:'Activo',location:'DIRECCI�N GENERAL DE DESARROLLO REGIONAL',description:'Captura',notes:'Asignado a Captura Pecera Planta Alta',requirement:'Ninguno',created_at:now,updated_at:now},"
EQP-5BC100,EQP-5BC100,SBS-0065,desktop,41971,Dell,Inspire, Procesador I5-10400, 8 GB de Ram , Disco Solido de  240 GB.,1561515681,,Activo,DIRECCION GENERAL DE ADMINISTRACION Y PLANEACION,administrativo,ADMINISTRACION,Ninguno,,,,"{id:'EQP-5BC102',inventory_number:'SBS-0067',type:'desktop',assigned_user_id:'42951',brand:'Dell',model:'Inspire',processor:' Procesador I5-10505',ram:' 8 GB de Ram ',hard_drive:' Disco Solido de  480 GB.',serial_number:'1561515683',status:'Activo',location:'DIRECCION GENERAL JURIDICA Y DE TRANSPARENCIA',description:'administrativo',notes:'sin observacion',requirement:'Ninguno',created_at:now,updated_at:now},"
EQP-5BC101,EQP-5BC101,SBS-0066,desktop,14621,Dell,Inspire, Procesador I5-10400, 8 GB de Ram , Disco Solido de  480 GB.,1561515682,,Activo,DIRECCI�N GENERAL DE DESARROLLO REGIONAL,Captura,Asignado a Captura Pecera Planta Alta,Ninguno,,,,"{id:'EQP-5BC103',inventory_number:'SBS-0068',type:'desktop',assigned_user_id:'46581',brand:'Dell',model:'Inspire',processor:' Procesador E5400',ram:' 2 GB de Ram ',hard_drive:' Disco Solido de  480 GB.',serial_number:'1561515684',status:'Activo',location:'DIRECCION GENERAL DE ADMINISTRACION Y PLANEACION',description:'administrativo',notes:'RH',requirement:'Requiere Ram para aumentar capacidad',created_at:now,updated_at:now},"
EQP-5BC102,EQP-5BC102,SBS-0067,desktop,42951,Dell,Inspire, Procesador I5-10505, 8 GB de Ram , Disco Solido de  480 GB.,1561515683,,Activo,DIRECCION GENERAL JURIDICA Y DE TRANSPARENCIA,administrativo,sin observacion,Ninguno,,,,"{id:'EQP-5BC104',inventory_number:'SBS-0069',type:'desktop',assigned_user_id:'38796',brand:'Dell',model:'Inspire',processor:' Procesador E5400 ',ram:' 4 GB de Ram ',hard_drive:' Disco Duro 320 GB HDD.',serial_number:'1561515685',status:'Activo',location:'BIENESTAR',description:'Captura',notes:'Asignado a Captura Pecera Planta Alta',requirement:'Disco Duro de Estado Solido de 240 GB',created_at:now,updated_at:now},"
EQP-5BC103,EQP-5BC103,SBS-0068,desktop,46581,Dell,Inspire, Procesador E5400, 2 GB de Ram , Disco Solido de  480 GB.,1561515684,,Activo,DIRECCION GENERAL DE ADMINISTRACION Y PLANEACION,administrativo,RH,Requiere Ram para aumentar capacidad,,,,"{id:'EQP-5BC105',inventory_number:'SBS-0070',type:'desktop',assigned_user_id:'80887',brand:'Dell',model:'Inspire',processor:' Procesador E5800',ram:' 2 GB de Ram ',hard_drive:' Disco Duro de  160 GB Mecanico.',serial_number:'1561515686',status:'Activo',location:'SUBDIRECCI�N DE EVALUACI�N SOCIAL ',description:'administrativo',notes:'sin observacion',requirement:'Disco Duro de Estado Solido de 240 GB y 4Gb de Ram',created_at:now,updated_at:now},"
EQP-5BC104,EQP-5BC104,SBS-0069,desktop,38796,Dell,Inspire, Procesador E5400 , 4 GB de Ram , Disco Duro 320 GB HDD.,1561515685,,Activo,BIENESTAR,Captura,Asignado a Captura Pecera Planta Alta,Disco Duro de Estado Solido de 240 GB,,,,"{id:'EQP-5BC106',inventory_number:'SBS-0071',type:'desktop',assigned_user_id:'45247',brand:'Dell',model:'Inspire',processor:' Procesador I5-4590',ram:' 4 GB de Ram ',hard_drive:' Disco Duro de  500 GB Mecanico.',serial_number:'1561515687',status:'Activo',location:'FAIS',description:'administrativo',notes:'sin observacion',requirement:'Disco Duro de Estado Solido de 240 GB',created_at:now,updated_at:now},"
EQP-5BC105,EQP-5BC105,SBS-0070,desktop,80887,Dell,Inspire, Procesador E5800, 2 GB de Ram , Disco Duro de  160 GB Mecanico.,1561515686,,Activo,SUBDIRECCI�N DE EVALUACI�N SOCIAL ,administrativo,sin observacion,Disco Duro de Estado Solido de 240 GB y 4Gb de Ram,,,,"{id:'EQP-5BC107',inventory_number:'SBS-0072',type:'desktop',assigned_user_id:'46851',brand:'Dell',model:'Inspire',processor:'',ram:'',hard_drive:'',serial_number:'1561515688',status:'Activo',location:'DESPACHO',description:'administrativo',notes:'sin observacion',requirement:'Sin Equipo',created_at:now,updated_at:now},"
EQP-5BC106,EQP-5BC106,SBS-0071,desktop,45247,Dell,Inspire, Procesador I5-4590, 4 GB de Ram , Disco Duro de  500 GB Mecanico.,1561515687,,Activo,FAIS,administrativo,sin observacion,Disco Duro de Estado Solido de 240 GB,,,,"{id:'EQP-5BC108',inventory_number:'SBS-0073',type:'desktop',assigned_user_id:'80877',brand:'Dell',model:'Inspire',processor:' Procesador I5-4590',ram:' 4 GB de Ram ',hard_drive:' Disco Solido de  240 GB.',serial_number:'1561515689',status:'Activo',location:'DIRECCI�N DE LICITACIONES Y COSTOS',description:'administrativo',notes:'sin observacion',requirement:'Ninguno',created_at:now,updated_at:now},"
EQP-5BC107,EQP-5BC107,SBS-0072,desktop,46851,Dell,Inspire,,,,1561515688,,Activo,DESPACHO,administrativo,sin observacion,Sin Equipo,,,,"{id:'EQP-5BC109',inventory_number:'SBS-0074',type:'desktop',assigned_user_id:'43994',brand:'Dell',model:'Inspire',processor:' Procesador I5-10505',ram:' 8 GB de Ram ',hard_drive:' Disco Solido de  480 GB.',serial_number:'1561515690',status:'Activo',location:'DIRECCI�N GENERAL DE INFRAESTRUCTURA SOCIAL',description:'administrativo',notes:'sin observacion',requirement:'Ninguno',created_at:now,updated_at:now},"
EQP-5BC108,EQP-5BC108,SBS-0073,desktop,80877,Dell,Inspire, Procesador I5-4590, 4 GB de Ram , Disco Solido de  240 GB.,1561515689,,Activo,DIRECCI�N DE LICITACIONES Y COSTOS,administrativo,sin observacion,Ninguno,,,,"{id:'EQP-5BC110',inventory_number:'SBS-0075',type:'desktop',assigned_user_id:'41581',brand:'Dell',model:'Inspire',processor:' Procesador E5800',ram:' 3 GB de Ram ',hard_drive:' Disco Duro de  160 GB Mecanico.',serial_number:'1561515691',status:'Activo',location:'DIRECCION GENERAL DE PARTICIPACION SOCIAL',description:'administrativo',notes:'En proceso SSD',requirement:'Disco Duro de Estado Solido de 240 GB y 4Gb de Ram',created_at:now,updated_at:now},"
EQP-5BC109,EQP-5BC109,SBS-0074,desktop,43994,Dell,Inspire, Procesador I5-10505, 8 GB de Ram , Disco Solido de  480 GB.,1561515690,,Activo,DIRECCI�N GENERAL DE INFRAESTRUCTURA SOCIAL,administrativo,sin observacion,Ninguno,,,,"{id:'EQP-5BC111',inventory_number:'SBS-0076',type:'desktop',assigned_user_id:'44362',brand:'Dell',model:'Inspire',processor:' Procesador I5-10505',ram:' 8 GB de Ram ',hard_drive:' Disco Solido de  480 GB.',serial_number:'1561515692',status:'Activo',location:'DIRECCI�N DE LICITACIONES Y COSTOS',description:'administrativo',notes:'sin observacion',requirement:'Ninguno',created_at:now,updated_at:now},"
EQP-5BC110,EQP-5BC110,SBS-0075,desktop,41581,Dell,Inspire, Procesador E5800, 3 GB de Ram , Disco Duro de  160 GB Mecanico.,1561515691,,Activo,DIRECCION GENERAL DE PARTICIPACION SOCIAL,administrativo,En proceso SSD,Disco Duro de Estado Solido de 240 GB y 4Gb de Ram,,,,"{id:'EQP-5BC112',inventory_number:'SBS-0077',type:'desktop',assigned_user_id:'47945',brand:'Dell',model:'Inspire',processor:' Procesador E5400',ram:' 3 GB de Ram ',hard_drive:' Disco Duro de  250 GB Mecanico.',serial_number:'1561515693',status:'Activo',location:'SUBSECRETAR�A DE INFRAESTRUCTURA SOCIAL',description:'administrativo',notes:'sin observacion',requirement:'Disco Duro de Estado Solido de 240 GB y 4Gb de Ram',created_at:now,updated_at:now},"
EQP-5BC111,EQP-5BC111,SBS-0076,desktop,44362,Dell,Inspire, Procesador I5-10505, 8 GB de Ram , Disco Solido de  480 GB.,1561515692,,Activo,DIRECCI�N DE LICITACIONES Y COSTOS,administrativo,sin observacion,Ninguno,,,,"{id:'EQP-5BC113',inventory_number:'SBS-0078',type:'desktop',assigned_user_id:'48199',brand:'Dell',model:'Inspire',processor:' Procesador I5-6400',ram:' 4 GB de Ram ',hard_drive:' Disco Solido de  240 GB.',serial_number:'1561515694',status:'Activo',location:'DIRECCION GENERAL DE ADMINISTRACION Y PLANEACION',description:'administrativo',notes:'ADMINISTRACION',requirement:'Ninguno',created_at:now,updated_at:now},"
EQP-5BC112,EQP-5BC112,SBS-0077,desktop,47945,Dell,Inspire, Procesador E5400, 3 GB de Ram , Disco Duro de  250 GB Mecanico.,1561515693,,Activo,SUBSECRETAR�A DE INFRAESTRUCTURA SOCIAL,administrativo,sin observacion,Disco Duro de Estado Solido de 240 GB y 4Gb de Ram,,,,"{id:'EQP-5BC114',inventory_number:'SBS-0079',type:'desktop',assigned_user_id:'48315',brand:'Dell',model:'Inspire',processor:'',ram:'',hard_drive:'',serial_number:'1561515695',status:'Activo',location:'DIRECCION GENERAL DE PARTICIPACION SOCIAL',description:'administrativo',notes:'sin observacion',requirement:'Sin Equipo',created_at:now,updated_at:now},"
EQP-5BC113,EQP-5BC113,SBS-0078,desktop,48199,Dell,Inspire, Procesador I5-6400, 4 GB de Ram , Disco Solido de  240 GB.,1561515694,,Activo,DIRECCION GENERAL DE ADMINISTRACION Y PLANEACION,administrativo,ADMINISTRACION,Ninguno,,,,"{id:'EQP-5BC115',inventory_number:'SBS-0080',type:'desktop',assigned_user_id:'48032',brand:'Dell',model:'Inspire',processor:' Procesador E5400',ram:' 8 GB de Ram ',hard_drive:' Disco Solido de  480 GB.',serial_number:'1561515696',status:'Activo',location:'DIRECCION GENERAL DE ADMINISTRACION Y PLANEACION',description:'administrativo',notes:'PROGRAMACION',requirement:'Ninguno',created_at:now,updated_at:now},"
EQP-5BC114,EQP-5BC114,SBS-0079,desktop,48315,Dell,Inspire,,,,1561515695,,Activo,DIRECCION GENERAL DE PARTICIPACION SOCIAL,administrativo,sin observacion,Sin Equipo,,,,"{id:'EQP-5BC116',inventory_number:'SBS-0081',type:'desktop',assigned_user_id:'42651',brand:'Dell',model:'Inspire',processor:' Procesador I5-12400',ram:' 8 GB de Ram ',hard_drive:' Disco Solido de  480 GB.',serial_number:'1561515697',status:'Activo',location:'DIRECCION GENERAL DE ADMINISTRACION Y PLANEACION',description:'administrativo',notes:'ADMINISTRACION',requirement:'Ninguno',created_at:now,updated_at:now},"
EQP-5BC115,EQP-5BC115,SBS-0080,desktop,48032,Dell,Inspire, Procesador E5400, 8 GB de Ram , Disco Solido de  480 GB.,1561515696,,Activo,DIRECCION GENERAL DE ADMINISTRACION Y PLANEACION,administrativo,PROGRAMACION,Ninguno,,,,"{id:'EQP-5BC117',inventory_number:'SBS-0082',type:'desktop',assigned_user_id:'48198',brand:'Dell',model:'Inspire',processor:' Procesador I5-6400',ram:' 4 GB de Ram ',hard_drive:' Disco Solido de  240 GB.',serial_number:'1561515698',status:'Activo',location:'FAIS',description:'administrativo',notes:'sin observacion',requirement:'Ninguno',created_at:now,updated_at:now},"
EQP-5BC116,EQP-5BC116,SBS-0081,desktop,42651,Dell,Inspire, Procesador I5-12400, 8 GB de Ram , Disco Solido de  480 GB.,1561515697,,Activo,DIRECCION GENERAL DE ADMINISTRACION Y PLANEACION,administrativo,ADMINISTRACION,Ninguno,,,,"{id:'EQP-5BC118',inventory_number:'SBS-0083',type:'desktop',assigned_user_id:'42956',brand:'Dell',model:'Inspire',processor:' Procesador E5800',ram:' 4 GB de Ram ',hard_drive:' Disco Solido de  480 GB.',serial_number:'1561515699',status:'Activo',location:'DIRECCI�N GENERAL DE INFRAESTRUCTURA SOCIAL',description:'administrativo',notes:'sin observacion',requirement:'Ninguno',created_at:now,updated_at:now},"
EQP-5BC117,EQP-5BC117,SBS-0082,desktop,48198,Dell,Inspire, Procesador I5-6400, 4 GB de Ram , Disco Solido de  240 GB.,1561515698,,Activo,FAIS,administrativo,sin observacion,Ninguno,,,,"{id:'EQP-5BC119',inventory_number:'SBS-0084',type:'desktop',assigned_user_id:'41972',brand:'Dell',model:'Inspire',processor:' Procesador E5400',ram:' 4 GB de Ram ',hard_drive:' Disco Solido de  480 GB.',serial_number:'1561515700',status:'Activo',location:'DIRECCION GENERAL JURIDICA Y DE TRANSPARENCIA',description:'administrativo',notes:'sin observacion',requirement:'Ninguno',created_at:now,updated_at:now},"
EQP-5BC118,EQP-5BC118,SBS-0083,desktop,42956,Dell,Inspire, Procesador E5800, 4 GB de Ram , Disco Solido de  480 GB.,1561515699,,Activo,DIRECCI�N GENERAL DE INFRAESTRUCTURA SOCIAL,administrativo,sin observacion,Ninguno,,,,"{id:'EQP-5BC120',inventory_number:'SBS-0085',type:'desktop',assigned_user_id:'42954',brand:'Dell',model:'Inspire',processor:' Procesador I5-10400',ram:' 8 GB de Ram ',hard_drive:' Disco Solido de  480 GB.',serial_number:'1561515701',status:'Activo',location:'DIRECCION DE ATENCION Y GESTION AL CIUDADANO',description:'administrativo',notes:'sin observacion',requirement:'Ninguno',created_at:now,updated_at:now},"
EQP-5BC119,EQP-5BC119,SBS-0084,desktop,41972,Dell,Inspire, Procesador E5400, 4 GB de Ram , Disco Solido de  480 GB.,1561515700,,Activo,DIRECCION GENERAL JURIDICA Y DE TRANSPARENCIA,administrativo,sin observacion,Ninguno,,,,"{id:'EQP-5BC121',inventory_number:'SBS-0086',type:'desktop',assigned_user_id:'48034',brand:'Dell',model:'Inspire',processor:' Procesador I5-10505',ram:' 8 GB de Ram ',hard_drive:' Disco Solido de  480 GB.',serial_number:'1561515702',status:'Activo',location:'DIRECCI�N GENERAL DE INFRAESTRUCTURA SOCIAL',description:'administrativo',notes:'sin observacion',requirement:'Ninguno',created_at:now,updated_at:now},"
EQP-5BC120,EQP-5BC120,SBS-0085,desktop,42954,Dell,Inspire, Procesador I5-10400, 8 GB de Ram , Disco Solido de  480 GB.,1561515701,,Activo,DIRECCION DE ATENCION Y GESTION AL CIUDADANO,administrativo,sin observacion,Ninguno,,,,"{id:'EQP-5BC122',inventory_number:'SBS-0087',type:'desktop',assigned_user_id:'45207',brand:'Dell',model:'Inspire',processor:' Procesador E5400',ram:' 4 GB de Ram ',hard_drive:' Disco Solido de  240 GB.',serial_number:'1561515703',status:'Activo',location:'DIRECCION GENERAL JURIDICA Y DE TRANSPARENCIA',description:'administrativo',notes:'sin observacion',requirement:'Ninguno',created_at:now,updated_at:now},"
EQP-5BC121,EQP-5BC121,SBS-0086,desktop,48034,Dell,Inspire, Procesador I5-10505, 8 GB de Ram , Disco Solido de  480 GB.,1561515702,,Activo,DIRECCI�N GENERAL DE INFRAESTRUCTURA SOCIAL,administrativo,sin observacion,Ninguno,,,,"{id:'EQP-5BC123',inventory_number:'SBS-0088',type:'desktop',assigned_user_id:'38473',brand:'Dell',model:'Inspire',processor:' Procesador RYZEN 5 5600',ram:' 8 GB de Ram ',hard_drive:' Disco Solido de  240 GB.',serial_number:'1561515704',status:'Activo',location:'FAIS',description:'administrativo',notes:'sin observacion',requirement:'Ninguno',created_at:now,updated_at:now},"
EQP-5BC122,EQP-5BC122,SBS-0087,desktop,45207,Dell,Inspire, Procesador E5400, 4 GB de Ram , Disco Solido de  240 GB.,1561515703,,Activo,DIRECCION GENERAL JURIDICA Y DE TRANSPARENCIA,administrativo,sin observacion,Ninguno,,,,"{id:'EQP-5BC124',inventory_number:'SBS-0089',type:'desktop',assigned_user_id:'47752',brand:'Dell',model:'Inspire',processor:' Procesador I5-6400',ram:' 4 GB de Ram ',hard_drive:' Disco Solido de  240 GB.',serial_number:'1561515705',status:'Activo',location:'UNIDAD IGUALDAD DE GENERO',description:'administrativo',notes:'Reemplazo Teclado y Mouse',requirement:'Requiere Ram para aumentar capacidad',created_at:now,updated_at:now},"
EQP-5BC123,EQP-5BC123,SBS-0088,desktop,38473,Dell,Inspire, Procesador RYZEN 5 5600, 8 GB de Ram , Disco Solido de  240 GB.,1561515704,,Activo,FAIS,administrativo,sin observacion,Ninguno,,,,"{id:'EQP-5BC125',inventory_number:'SBS-0090',type:'desktop',assigned_user_id:'48180',brand:'Dell',model:'Inspire',processor:' Procesador E5400',ram:' 4 GB de Ram ',hard_drive:' Disco Solido de  480 GB.',serial_number:'1561515706',status:'Activo',location:'DIRECCION DE ATENCION Y GESTION AL CIUDADANO',description:'administrativo',notes:'sin observacion',requirement:'Ninguno',created_at:now,updated_at:now},"
EQP-5BC124,EQP-5BC124,SBS-0089,desktop,47752,Dell,Inspire, Procesador I5-6400, 4 GB de Ram , Disco Solido de  240 GB.,1561515705,,Activo,UNIDAD IGUALDAD DE GENERO,administrativo,Reemplazo Teclado y Mouse,Requiere Ram para aumentar capacidad,,,,"{id:'EQP-5BC126',inventory_number:'SBS-0091',type:'desktop',assigned_user_id:'47783',brand:'Dell',model:'Inspire',processor:' Procesador E5700',ram:' 4 GB de Ram ',hard_drive:' Disco Solido de  240 GB.',serial_number:'1561515707',status:'Activo',location:'DIRECCION GENERAL DE PARTICIPACION SOCIAL',description:'administrativo',notes:'sin observacion',requirement:'Ninguna',created_at:now,updated_at:now},"
EQP-5BC125,EQP-5BC125,SBS-0090,desktop,48180,Dell,Inspire, Procesador E5400, 4 GB de Ram , Disco Solido de  480 GB.,1561515706,,Activo,DIRECCION DE ATENCION Y GESTION AL CIUDADANO,administrativo,sin observacion,Ninguno,,,,"{id:'EQP-5BC127',inventory_number:'SBS-0092',type:'desktop',assigned_user_id:'46700',brand:'Dell',model:'Inspire',processor:' Procesador E5400',ram:' 4 GB de Ram ',hard_drive:' Disco Solido de  240 GB.',serial_number:'1561515708',status:'Activo',location:'DIRECCION GENERAL JURIDICA Y DE TRANSPARENCIA',description:'administrativo',notes:'sin observacion',requirement:'Ninguno',created_at:now,updated_at:now},"
EQP-5BC126,EQP-5BC126,SBS-0091,desktop,47783,Dell,Inspire, Procesador E5700, 4 GB de Ram , Disco Solido de  240 GB.,1561515707,,Activo,DIRECCION GENERAL DE PARTICIPACION SOCIAL,administrativo,sin observacion,Ninguna,,,,"{id:'EQP-5BC128',inventory_number:'SBS-0093',type:'desktop',assigned_user_id:'12802',brand:'Dell',model:'Inspire',processor:' Procesador E5800',ram:' 4 GB de Ram ',hard_drive:' Disco Solido de  240 GB.',serial_number:'1561515709',status:'Activo',location:'DIRECCION GENERAL DE ADMINISTRACION Y PLANEACION',description:'administrativo',notes:'PROGRAMACION',requirement:'Ninguno',created_at:now,updated_at:now},"
EQP-5BC127,EQP-5BC127,SBS-0092,desktop,46700,Dell,Inspire, Procesador E5400, 4 GB de Ram , Disco Solido de  240 GB.,1561515708,,Activo,DIRECCION GENERAL JURIDICA Y DE TRANSPARENCIA,administrativo,sin observacion,Ninguno,,,,"{id:'EQP-5BC130',inventory_number:'SBS-0094',type:'desktop',assigned_user_id:'81434',brand:'Dell',model:'Inspire',processor:' Procesador I5-6400',ram:' 4 GB de Ram ',hard_drive:' Disco Solido de  480 GB.',serial_number:'1561515711',status:'Activo',location:'DIRECCI�N GENERAL DE INFRAESTRUCTURA SOCIAL',description:'administrativo',notes:'sin observacion',requirement:'Ninguno',created_at:now,updated_at:now},"
EQP-5BC128,EQP-5BC128,SBS-0093,desktop,12802,Dell,Inspire, Procesador E5800, 4 GB de Ram , Disco Solido de  240 GB.,1561515709,,Activo,DIRECCION GENERAL DE ADMINISTRACION Y PLANEACION,administrativo,PROGRAMACION,Ninguno,,,,"{id:'EQP-5BC131',inventory_number:'SBS-0095',type:'desktop',assigned_user_id:'82961',brand:'Dell',model:'Inspire',processor:' Procesador E5400',ram:' 4 GB de Ram ',hard_drive:' Disco Solido de  240 GB.',serial_number:'1561515712',status:'Activo',location:'SUBDIRECCI�N DE EVALUACI�N SOCIAL ',description:'administrativo',notes:'sin observacion',requirement:'Ninguno',created_at:now,updated_at:now},"
EQP-5BC130,EQP-5BC130,SBS-0094,desktop,81434,Dell,Inspire, Procesador I5-6400, 4 GB de Ram , Disco Solido de  480 GB.,1561515711,,Activo,DIRECCI�N GENERAL DE INFRAESTRUCTURA SOCIAL,administrativo,sin observacion,Ninguno,,,,"{id:'EQP-5BC132',inventory_number:'SBS-0096',type:'desktop',assigned_user_id:'40979',brand:'Dell',model:'Inspire',processor:' Procesador E5400',ram:' 4 GB de Ram ',hard_drive:' Disco Solido de  240 GB.',serial_number:'1561515713',status:'Activo',location:'BIENESTAR',description:'Captura',notes:'Asignado a Captura Pecera Planta Alta',requirement:'Ninguna',created_at:now,updated_at:now},"
EQP-5BC131,EQP-5BC131,SBS-0095,desktop,82961,Dell,Inspire, Procesador E5400, 4 GB de Ram , Disco Solido de  240 GB.,1561515712,,Activo,SUBDIRECCI�N DE EVALUACI�N SOCIAL ,administrativo,sin observacion,Ninguno,,,,"{id:'EQP-5BC133',inventory_number:'SBS-0097',type:'desktop',assigned_user_id:'47941',brand:'Dell',model:'Inspire',processor:' Procesador E5400',ram:' 4 GB de Ram ',hard_drive:' Disco Duro de  320 GB Mecanico.',serial_number:'1561515714',status:'Activo',location:'DIRECCI�N GENERAL DE INFRAESTRUCTURA SOCIAL',description:'administrativo',notes:'sin observacion',requirement:'Disco Duro de Estado Solido de 240 GB',created_at:now,updated_at:now},"
EQP-5BC132,EQP-5BC132,SBS-0096,desktop,40979,Dell,Inspire, Procesador E5400, 4 GB de Ram , Disco Solido de  240 GB.,1561515713,,Activo,BIENESTAR,Captura,Asignado a Captura Pecera Planta Alta,Ninguna,,,,"{id:'EQP-5BC134',inventory_number:'SBS-0098',type:'desktop',assigned_user_id:'48063',brand:'Dell',model:'Inspire',processor:' Procesador I5-6400',ram:' 4 GB de Ram ',hard_drive:' Disco Solido de  480 GB.',serial_number:'1561515715',status:'Activo',location:'DIRECCION GENERAL DE ADMINISTRACION Y PLANEACION',description:'administrativo',notes:'ADMINISTRACION',requirement:'Ninguno',created_at:now,updated_at:now},"
EQP-5BC133,EQP-5BC133,SBS-0097,desktop,47941,Dell,Inspire, Procesador E5400, 4 GB de Ram , Disco Duro de  320 GB Mecanico.,1561515714,,Activo,DIRECCI�N GENERAL DE INFRAESTRUCTURA SOCIAL,administrativo,sin observacion,Disco Duro de Estado Solido de 240 GB,,,,"{id:'EQP-5BC135',inventory_number:'SBS-0099',type:'desktop',assigned_user_id:'18564',brand:'Dell',model:'Inspire',processor:' Procesador I5-4590',ram:' 4 GB de Ram ',hard_drive:' Disco Solido de  240 GB.',serial_number:'1561515716',status:'Activo',location:'DESPACHO',description:'administrativo',notes:'sin observacion',requirement:'Ninguno',created_at:now,updated_at:now},"
EQP-5BC134,EQP-5BC134,SBS-0098,desktop,48063,Dell,Inspire, Procesador I5-6400, 4 GB de Ram , Disco Solido de  480 GB.,1561515715,,Activo,DIRECCION GENERAL DE ADMINISTRACION Y PLANEACION,administrativo,ADMINISTRACION,Ninguno,,,,"{id:'EQP-5BC136',inventory_number:'SBS-0100',type:'desktop',assigned_user_id:'40752',brand:'Dell',model:'Inspire',processor:' Procesador E5400',ram:' 4 GB de Ram ',hard_drive:' Disco Solido de  240 GB.',serial_number:'1561515717',status:'Activo',location:'DIRECCION GENERAL DE PARTICIPACION SOCIAL',description:'administrativo',notes:'sin observacion',requirement:'Ninguna',created_at:now,updated_at:now},"
EQP-5BC135,EQP-5BC135,SBS-0099,desktop,18564,Dell,Inspire, Procesador I5-4590, 4 GB de Ram , Disco Solido de  240 GB.,1561515716,,Activo,DESPACHO,administrativo,sin observacion,Ninguno,,,,"{id:'EQP-5BC137',inventory_number:'SBS-0101',type:'desktop',assigned_user_id:'48031',brand:'Dell',model:'Inspire',processor:' Procesador E5400',ram:' 8 GB de Ram ',hard_drive:' Disco Solido de  480 GB.',serial_number:'1561515718',status:'Activo',location:'COMUNICACION SOCIAL',description:'administrativo',notes:'sin observacion',requirement:'Ninguno',created_at:now,updated_at:now},"
EQP-5BC136,EQP-5BC136,SBS-0100,desktop,40752,Dell,Inspire, Procesador E5400, 4 GB de Ram , Disco Solido de  240 GB.,1561515717,,Activo,DIRECCION GENERAL DE PARTICIPACION SOCIAL,administrativo,sin observacion,Ninguna,,,,"{id:'EQP-5BC138',inventory_number:'SBS-0102',type:'desktop',assigned_user_id:'81581',brand:'Dell',model:'Inspire',processor:' Procesador E5400',ram:' 4 GB de Ram ',hard_drive:' Disco Duro de  320 GB Mecanico.',serial_number:'1561515719',status:'Activo',location:'DESPACHO',description:'administrativo',notes:'sin observacion',requirement:'Disco Duro de Estado Solido de 240 GB',created_at:now,updated_at:now},"
EQP-5BC137,EQP-5BC137,SBS-0101,desktop,48031,Dell,Inspire, Procesador E5400, 8 GB de Ram , Disco Solido de  480 GB.,1561515718,,Activo,COMUNICACION SOCIAL,administrativo,sin observacion,Ninguno,,,,"{id:'EQP-5BC139',inventory_number:'SBS-0103',type:'desktop',assigned_user_id:'28122',brand:'Dell',model:'Inspire',processor:' Procesador E5800',ram:' 4 GB de Ram ',hard_drive:' Disco Solido de  240 GB.',serial_number:'1561515720',status:'Activo',location:'DIRECCI�N GENERAL DE INFRAESTRUCTURA SOCIAL',description:'administrativo',notes:'sin observacion',requirement:'Ninguno',created_at:now,updated_at:now},"
EQP-5BC138,EQP-5BC138,SBS-0102,desktop,81581,Dell,Inspire, Procesador E5400, 4 GB de Ram , Disco Duro de  320 GB Mecanico.,1561515719,,Activo,DESPACHO,administrativo,sin observacion,Disco Duro de Estado Solido de 240 GB,,,,"{id:'EQP-5BC140',inventory_number:'SBS-0104',type:'desktop',assigned_user_id:'39962',brand:'Dell',model:'Inspire',processor:' Procesador E5400',ram:' 4 GB de Ram ',hard_drive:' Disco Solido de  240 GB.',serial_number:'1561515721',status:'Activo',location:'SUBDIRECCI�N DE EVALUACI�N SOCIAL ',description:'administrativo',notes:'sin observacion',requirement:'Ninguno',created_at:now,updated_at:now},"
EQP-5BC139,EQP-5BC139,SBS-0103,desktop,28122,Dell,Inspire, Procesador E5800, 4 GB de Ram , Disco Solido de  240 GB.,1561515720,,Activo,DIRECCI�N GENERAL DE INFRAESTRUCTURA SOCIAL,administrativo,sin observacion,Ninguno,,,,"{id:'EQP-5BC141',inventory_number:'SBS-0105',type:'desktop',assigned_user_id:'80876',brand:'Dell',model:'Inspire',processor:' Procesador E5400',ram:' 2 GB de Ram ',hard_drive:' Disco Duro de  160 GB Mecanico.',serial_number:'1561515722',status:'Activo',location:'DIRECCION GENERAL DE PARTICIPACION SOCIAL',description:'administrativo',notes:'sin observacion',requirement:'Disco Duro de Estado Solido de 240 GB y 4Gb de Ram',created_at:now,updated_at:now},"
EQP-5BC140,EQP-5BC140,SBS-0104,desktop,39962,Dell,Inspire, Procesador E5400, 4 GB de Ram , Disco Solido de  240 GB.,1561515721,,Activo,SUBDIRECCI�N DE EVALUACI�N SOCIAL ,administrativo,sin observacion,Ninguno,,,,"{id:'EQP-5BC142',inventory_number:'SBS-0106',type:'desktop',assigned_user_id:'47594',brand:'Dell',model:'Inspire',processor:' Procesador I5-6400',ram:' 4 GB de Ram ',hard_drive:' Disco Solido de  240 GB.',serial_number:'1561515723',status:'Activo',location:'SUBSECRETAR�A DE DE INCLUSI�N SOCIAL',description:'administrativo',notes:'sin observacion',requirement:'Ninguno',created_at:now,updated_at:now},"
EQP-5BC141,EQP-5BC141,SBS-0105,desktop,80876,Dell,Inspire, Procesador E5400, 2 GB de Ram , Disco Duro de  160 GB Mecanico.,1561515722,,Activo,DIRECCION GENERAL DE PARTICIPACION SOCIAL,administrativo,sin observacion,Disco Duro de Estado Solido de 240 GB y 4Gb de Ram,,,,"{id:'EQP-5BC143',inventory_number:'SBS-0107',type:'desktop',assigned_user_id:'38205',brand:'Dell',model:'Inspire',processor:' Procesador I5-10505',ram:' 8 GB de Ram ',hard_drive:' Disco Solido de  480 GB.',serial_number:'1561515724',status:'Activo',location:'DIRECCION GENERAL DE ADMINISTRACION Y PLANEACION',description:'administrativo',notes:'RH',requirement:'Ninguno',created_at:now,updated_at:now},"
EQP-5BC142,EQP-5BC142,SBS-0106,desktop,47594,Dell,Inspire, Procesador I5-6400, 4 GB de Ram , Disco Solido de  240 GB.,1561515723,,Activo,SUBSECRETAR�A DE DE INCLUSI�N SOCIAL,administrativo,sin observacion,Ninguno,,,,"{id:'EQP-5BC144',inventory_number:'SBS-0108',type:'desktop',assigned_user_id:'28129',brand:'Dell',model:'Inspire',processor:' Procesador I5-10505',ram:' 8 GB de Ram ',hard_drive:' Disco Solido de  480 GB.',serial_number:'1561515725',status:'Activo',location:'SUBDIRECCI�N DE EVALUACI�N SOCIAL ',description:'administrativo',notes:'sin observacion',requirement:'Ninguno',created_at:now,updated_at:now},"
EQP-5BC143,EQP-5BC143,SBS-0107,desktop,38205,Dell,Inspire, Procesador I5-10505, 8 GB de Ram , Disco Solido de  480 GB.,1561515724,,Activo,DIRECCION GENERAL DE ADMINISTRACION Y PLANEACION,administrativo,RH,Ninguno,,,,"{id:'EQP-5BC145',inventory_number:'SBS-0109',type:'desktop',assigned_user_id:'pendiente',brand:'Dell',model:'Inspire',processor:' Procesador I5-6400',ram:' 4 GB de Ram ',hard_drive:' Disco Solido de  480 GB.',serial_number:'1561515726',status:'Activo',location:'DIRECCION GENERAL DE ADMINISTRACION Y PLANEACION',description:'administrativo',notes:'ADMINISTRACION',requirement:'Ninguno',created_at:now,updated_at:now},"
EQP-5BC144,EQP-5BC144,SBS-0108,desktop,28129,Dell,Inspire, Procesador I5-10505, 8 GB de Ram , Disco Solido de  480 GB.,1561515725,,Activo,SUBDIRECCI�N DE EVALUACI�N SOCIAL ,administrativo,sin observacion,Ninguno,,,,"{id:'EQP-5BC146',inventory_number:'SBS-0110',type:'desktop',assigned_user_id:'pendiente',brand:'Dell',model:'Inspire',processor:' Procesador E5400',ram:' 4 GB de Ram ',hard_drive:' Disco Solido de  240 GB.',serial_number:'1561515727',status:'Activo',location:'SUBDIRECCI�N DE EVALUACI�N SOCIAL ',description:'administrativo',notes:'sin observacion',requirement:'Ninguno',created_at:now,updated_at:now},"
EQP-5BC145,EQP-5BC145,SBS-0109,desktop,pendiente,Dell,Inspire, Procesador I5-6400, 4 GB de Ram , Disco Solido de  480 GB.,1561515726,,Activo,DIRECCION GENERAL DE ADMINISTRACION Y PLANEACION,administrativo,ADMINISTRACION,Ninguno,,,,"{id:'EQP-5BC147',inventory_number:'SBS-0111',type:'desktop',assigned_user_id:'pendiente',brand:'Dell',model:'Inspire',processor:' Procesador E5400',ram:' 2 GB de Ram ',hard_drive:' Disco Duro de  160 GB Mecanico.',serial_number:'1561515728',status:'Activo',location:'OFICIALIA DE PARTES',description:'administrativo',notes:'sin observacion',requirement:'Disco Duro de Estado Solido de 240 GB y 4Gb de Ram',created_at:now,updated_at:now},"
EQP-5BC146,EQP-5BC146,SBS-0110,desktop,pendiente,Dell,Inspire, Procesador E5400, 4 GB de Ram , Disco Solido de  240 GB.,1561515727,,Activo,SUBDIRECCI�N DE EVALUACI�N SOCIAL ,administrativo,sin observacion,Ninguno,,,,"{id:'EQP-5BC148',inventory_number:'SBS-0112',type:'desktop',assigned_user_id:'pendiente',brand:'Dell',model:'Inspire',processor:' Procesador I5-10505',ram:' 8 GB de Ram ',hard_drive:' Disco Solido de  480 GB.',serial_number:'1561515729',status:'Activo',location:'BIENESTAR',description:'Captura',notes:'Asignado a Captura Pecera Planta Alta',requirement:'Ninguna',created_at:now,updated_at:now},"
EQP-5BC147,EQP-5BC147,SBS-0111,desktop,pendiente,Dell,Inspire, Procesador E5400, 2 GB de Ram , Disco Duro de  160 GB Mecanico.,1561515728,,Activo,OFICIALIA DE PARTES,administrativo,sin observacion,Disco Duro de Estado Solido de 240 GB y 4Gb de Ram,,,,"{id:'EQP-5BC149',inventory_number:'SBS-0113',type:'desktop',assigned_user_id:'pendiente',brand:'Dell',model:'Inspire',processor:' Procesador I5-6400',ram:' 4 GB de Ram ',hard_drive:' Disco Solido de  240 GB.',serial_number:'1561515730',status:'Activo',location:'DIRECCI�N GENERAL DE ADMINISTRACI�N Y PLANEACI�N',description:'administrativo',notes:'PROGRAMACION',requirement:'Ninguno',created_at:now,updated_at:now},"
EQP-5BC148,EQP-5BC148,SBS-0112,desktop,pendiente,Dell,Inspire, Procesador I5-10505, 8 GB de Ram , Disco Solido de  480 GB.,1561515729,,Activo,BIENESTAR,Captura,Asignado a Captura Pecera Planta Alta,Ninguna,,,,"{id:'EQP-5BC150',inventory_number:'SBS-0114',type:'desktop',assigned_user_id:'pendiente',brand:'Dell',model:'Inspire',processor:' Procesador I5-10400',ram:' 8 GB de Ram ',hard_drive:' Disco Duro de  1TB Mecanico.',serial_number:'1561515731',status:'Activo',location:'BIENESTAR',description:'Captura',notes:'Asignado a Captura Pecera Planta Alta',requirement:'Disco Duro de Estado Solido de 240 GB',created_at:now,updated_at:now},"
EQP-5BC149,EQP-5BC149,SBS-0113,desktop,pendiente,Dell,Inspire, Procesador I5-6400, 4 GB de Ram , Disco Solido de  240 GB.,1561515730,,Activo,DIRECCI�N GENERAL DE ADMINISTRACI�N Y PLANEACI�N,administrativo,PROGRAMACION,Ninguno,,,,"{id:'EQP-5BC151',inventory_number:'SBS-0115',type:'desktop',assigned_user_id:'pendiente',brand:'Dell',model:'Inspire',processor:' Procesador E5400',ram:' 4 GB de Ram ',hard_drive:' Disco Solido de  240 GB.',serial_number:'1561515732',status:'Activo',location:'DIRECCION GENERAL JURIDICA Y DE TRANSPARENCIA',description:'administrativo',notes:'sin observacion',requirement:'Ninguno',created_at:now,updated_at:now},"
EQP-5BC150,EQP-5BC150,SBS-0114,desktop,pendiente,Dell,Inspire, Procesador I5-10400, 8 GB de Ram , Disco Duro de  1TB Mecanico.,1561515731,,Activo,BIENESTAR,Captura,Asignado a Captura Pecera Planta Alta,Disco Duro de Estado Solido de 240 GB,,,,"{id:'EQP-5BC152',inventory_number:'SBS-0116',type:'desktop',assigned_user_id:'pendiente',brand:'Dell',model:'Inspire',processor:' Procesador I5-6400',ram:' 4 GB de Ram ',hard_drive:' Disco Solido de  240 GB.',serial_number:'1561515733',status:'Activo',location:'DIRECCI�N GENERAL DE INFRAESTRUCTURA SOCIAL',description:'administrativo',notes:'sin observacion',requirement:'Ninguno',created_at:now,updated_at:now},"
EQP-5BC151,EQP-5BC151,SBS-0115,desktop,pendiente,Dell,Inspire, Procesador E5400, 4 GB de Ram , Disco Solido de  240 GB.,1561515732,,Activo,DIRECCION GENERAL JURIDICA Y DE TRANSPARENCIA,administrativo,sin observacion,Ninguno,,,,"{id:'EQP-5BC153',inventory_number:'SBS-0117',type:'desktop',assigned_user_id:'pendiente',brand:'Dell',model:'Inspire',processor:' Procesador I5-4590',ram:' 4 GB de Ram ',hard_drive:' Disco Duro Solido de 240 GB',serial_number:'1561515734',status:'Activo',location:'DIRECCI�N GENERAL DE INFRAESTRUCTURA SOCIAL',description:'administrativo',notes:'sin observacion',requirement:'Requiere Ram para aumentar capacidad',created_at:now,updated_at:now},"
EQP-5BC152,EQP-5BC152,SBS-0116,desktop,pendiente,Dell,Inspire, Procesador I5-6400, 4 GB de Ram , Disco Solido de  240 GB.,1561515733,,Activo,DIRECCI�N GENERAL DE INFRAESTRUCTURA SOCIAL,administrativo,sin observacion,Ninguno,,,,"{id:'EQP-5BC154',inventory_number:'SBS-0118',type:'desktop',assigned_user_id:'pendiente',brand:'Dell',model:'Inspire',processor:' Procesador E5800',ram:' 3 GB de Ram ',hard_drive:' Disco Solido de  240 GB.',serial_number:'1561515735',status:'Activo',location:'UNIDAD IGUALDAD DE GENERO',description:'administrativo',notes:'sin observacion',requirement:'Requiere Ram para aumentar capacidad',created_at:now,updated_at:now},"
EQP-5BC153,EQP-5BC153,SBS-0117,desktop,pendiente,Dell,Inspire, Procesador I5-4590, 4 GB de Ram , Disco Duro Solido de 240 GB,1561515734,,Activo,DIRECCI�N GENERAL DE INFRAESTRUCTURA SOCIAL,administrativo,sin observacion,Requiere Ram para aumentar capacidad,,,,"{id:'EQP-5BC155',inventory_number:'SBS-0119',type:'laptop',assigned_user_id:'pendiente',brand:'Dell',model:'Inspire',processor:' Procesador I5-6200',ram:' 4 GB de Ram ',hard_drive:' Disco Solido de  480 GB.',serial_number:'1561515736',status:'Activo',location:'COMUNICACION SOCIAL',description:'administrativo',notes:'sin observacion',requirement:'Requiere Ram para aumentar capacidad',created_at:now,updated_at:now},"
EQP-5BC154,EQP-5BC154,SBS-0118,desktop,pendiente,Dell,Inspire, Procesador E5800, 3 GB de Ram , Disco Solido de  240 GB.,1561515735,,Activo,UNIDAD IGUALDAD DE GENERO,administrativo,sin observacion,Requiere Ram para aumentar capacidad,,,,"{id:'EQP-5BC156',inventory_number:'SBS-0120',type:'laptop',assigned_user_id:'pendiente',brand:'Dell',model:'Inspire',processor:' Procesador I7-11800H',ram:' 16 GB de Ram ',hard_drive:' Disco Solido de  240 GB.',serial_number:'1561515737',status:'Activo',location:'COMUNICACION SOCIAL',description:'administrativo',notes:'sin observacion',requirement:'Ninguno',created_at:now,updated_at:now},"
EQP-5BC155,EQP-5BC155,SBS-0119,laptop,pendiente,Dell,Inspire, Procesador I5-6200, 4 GB de Ram , Disco Solido de  480 GB.,1561515736,,Activo,COMUNICACION SOCIAL,administrativo,sin observacion,Requiere Ram para aumentar capacidad,,,,"{id:'EQP-5BC157',inventory_number:'SBS-0121',type:'desktop',assigned_user_id:'pendiente',brand:'Dell',model:'Inspire',processor:' Procesador E5400',ram:' 4 GB de Ram ',hard_drive:' Disco Duro de  160 GB Mecanico.',serial_number:'1561515738',status:'Activo',location:'DIRECCION GENERAL JURIDICA Y DE TRANSPARENCIA',description:'administrativo',notes:'Equipo y Lugar sin Asignar',requirement:'Disco Duro de Estado Solido de 240 GB',created_at:now,updated_at:now},"
EQP-5BC156,EQP-5BC156,SBS-0120,laptop,pendiente,Dell,Inspire, Procesador I7-11800H, 16 GB de Ram , Disco Solido de  240 GB.,1561515737,,Activo,COMUNICACION SOCIAL,administrativo,sin observacion,Ninguno,,,,"{id:'EQP-5BC158',inventory_number:'SBS-0122',type:'desktop',assigned_user_id:'pendiente',brand:'Dell',model:'Inspire',processor:' Procesador E5700',ram:' 4 GB de Ram ',hard_drive:' Disco Solido de  240 GB.',serial_number:'1561515739',status:'Activo',location:'SUBSECRETAR�A DE INFRAESTRUCTURA SOCIAL',description:'administrativo',notes:'sin observacion',requirement:'Ninguno',created_at:now,updated_at:now},"
EQP-5BC157,EQP-5BC157,SBS-0121,desktop,pendiente,Dell,Inspire, Procesador E5400, 4 GB de Ram , Disco Duro de  160 GB Mecanico.,1561515738,,Activo,DIRECCION GENERAL JURIDICA Y DE TRANSPARENCIA,administrativo,Equipo y Lugar sin Asignar,Disco Duro de Estado Solido de 240 GB,,,,"{id:'EQP-5BC159',inventory_number:'SBS-0123',type:'desktop',assigned_user_id:'pendiente',brand:'Dell',model:'Inspire',processor:' Procesador E5400',ram:' 4 GB de Ram ',hard_drive:' Disco Solido de  240 GB.',serial_number:'1561515740',status:'Activo',location:'SUBSECRETAR�A DE INFRAESTRUCTURA SOCIAL',description:'administrativo',notes:'sin observacion',requirement:'Ninguno',created_at:now,updated_at:now},"
EQP-5BC158,EQP-5BC158,SBS-0122,desktop,pendiente,Dell,Inspire, Procesador E5700, 4 GB de Ram , Disco Solido de  240 GB.,1561515739,,Activo,SUBSECRETAR�A DE INFRAESTRUCTURA SOCIAL,administrativo,sin observacion,Ninguno,,,,"{id:'EQP-5BC160',inventory_number:'SBS-0124',type:'desktop',assigned_user_id:'pendiente',brand:'Dell',model:'Inspire',processor:' Procesador E7300',ram:' 2 GB de Ram ',hard_drive:' Disco Duro de  160 GB Mecanico.',serial_number:'1561515741',status:'Activo',location:'DIRECCION GENERAL DE PARTICIPACION SOCIAL',description:'administrativo',notes:'sin observacion',requirement:'Disco Duro de Estado Solido de 240 GB y 4Gb de Ram',created_at:now,updated_at:now},"
EQP-5BC159,EQP-5BC159,SBS-0123,desktop,pendiente,Dell,Inspire, Procesador E5400, 4 GB de Ram , Disco Solido de  240 GB.,1561515740,,Activo,SUBSECRETAR�A DE INFRAESTRUCTURA SOCIAL,administrativo,sin observacion,Ninguno,,,,"{id:'EQP-5BC161',inventory_number:'SBS-0125',type:'desktop',assigned_user_id:'pendiente',brand:'Dell',model:'Inspire',processor:' Procesador I5-6400',ram:' 8 GB de Ram ',hard_drive:' Disco Solido de  480 GB.',serial_number:'1561515742',status:'Activo',location:'DIRECCION GENERAL DE ADMINISTRACION Y PLANEACION',description:'administrativo',notes:'ADMINISTRACION',requirement:'Ninguno',created_at:now,updated_at:now},"
EQP-5BC160,EQP-5BC160,SBS-0124,desktop,pendiente,Dell,Inspire, Procesador E7300, 2 GB de Ram , Disco Duro de  160 GB Mecanico.,1561515741,,Activo,DIRECCION GENERAL DE PARTICIPACION SOCIAL,administrativo,sin observacion,Disco Duro de Estado Solido de 240 GB y 4Gb de Ram,,,,"{id:'EQP-5BC162',inventory_number:'SBS-0126',type:'desktop',assigned_user_id:'pendiente',brand:'Dell',model:'Inspire',processor:' Procesador E5400',ram:' 4 GB de Ram ',hard_drive:' Disco Solido de  240 GB.',serial_number:'1561515743',status:'Activo',location:'FAIS',description:'administrativo',notes:'sin observacion',requirement:'Ninguno',created_at:now,updated_at:now},"
EQP-5BC161,EQP-5BC161,SBS-0125,desktop,pendiente,Dell,Inspire, Procesador I5-6400, 8 GB de Ram , Disco Solido de  480 GB.,1561515742,,Activo,DIRECCION GENERAL DE ADMINISTRACION Y PLANEACION,administrativo,ADMINISTRACION,Ninguno,,,,"{id:'EQP-5BC163',inventory_number:'SBS-0127',type:'desktop',assigned_user_id:'pendiente',brand:'Dell',model:'Inspire',processor:' Procesador I5-6400',ram:' 4 GB de Ram ',hard_drive:' Disco Solido de  240 GB.',serial_number:'1561515744',status:'Activo',location:'DIRECCION GENERAL DE ADMINISTRACION Y PLANEACION',description:'administrativo',notes:'PROGRAMACION',requirement:'Ninguno',created_at:now,updated_at:now},"
EQP-5BC162,EQP-5BC162,SBS-0126,desktop,pendiente,Dell,Inspire, Procesador E5400, 4 GB de Ram , Disco Solido de  240 GB.,1561515743,,Activo,FAIS,administrativo,sin observacion,Ninguno,,,,"{id:'EQP-5BC164',inventory_number:'SBS-0128',type:'desktop',assigned_user_id:'pendiente',brand:'Dell',model:'Inspire',processor:' Procesador E5400',ram:' 4 GB de Ram ',hard_drive:' Disco Solido de  240 GB.',serial_number:'1561515745',status:'Activo',location:'SUBDIRECCI�N DE EVALUACI�N SOCIAL ',description:'administrativo',notes:'sin observacion',requirement:'Ninguno',created_at:now,updated_at:now},"
EQP-5BC163,EQP-5BC163,SBS-0127,desktop,pendiente,Dell,Inspire, Procesador I5-6400, 4 GB de Ram , Disco Solido de  240 GB.,1561515744,,Activo,DIRECCION GENERAL DE ADMINISTRACION Y PLANEACION,administrativo,PROGRAMACION,Ninguno,,,,"{id:'EQP-5BC165',inventory_number:'SBS-0129',type:'laptop',assigned_user_id:'pendiente',brand:'Dell',model:'Inspire',processor:'',ram:'',hard_drive:'',serial_number:'1561515746',status:'Activo',location:'DIRECCI�N GENERAL DE INFRAESTRUCTURA SOCIAL',description:'administrativo',notes:'sin observacion',requirement:'Ninguno',created_at:now,updated_at:now},"
EQP-5BC164,EQP-5BC164,SBS-0128,desktop,pendiente,Dell,Inspire, Procesador E5400, 4 GB de Ram , Disco Solido de  240 GB.,1561515745,,Activo,SUBDIRECCI�N DE EVALUACI�N SOCIAL ,administrativo,sin observacion,Ninguno,,,,"{id:'EQP-5BC166',inventory_number:'SBS-0130',type:'desktop',assigned_user_id:'pendiente',brand:'Dell',model:'Inspire',processor:' Procesador I5-10400',ram:' 8 GB de Ram ',hard_drive:' Disco Solido de  1TB GB.',serial_number:'1561515747',status:'Activo',location:'SISTEMAS',description:'administrativo',notes:'sin observacion',requirement:'Ninguno',created_at:now,updated_at:now},"
EQP-5BC165,EQP-5BC165,SBS-0129,laptop,pendiente,Dell,Inspire,,,,1561515746,,Activo,DIRECCI�N GENERAL DE INFRAESTRUCTURA SOCIAL,administrativo,sin observacion,Ninguno,,,,"{id:'EQP-5BC167',inventory_number:'SBS-0131',type:'desktop',assigned_user_id:'pendiente',brand:'Dell',model:'Inspire',processor:' Procesador I5-6400',ram:' 4 GB de Ram ',hard_drive:' Disco Solido de  240 GB.',serial_number:'1561515748',status:'Activo',location:'DIRECCION GENERAL DE ADMINISTRACION Y PLANEACION',description:'administrativo',notes:'ADMINISTRACION',requirement:'Ninguno',created_at:now,updated_at:now},"
EQP-5BC166,EQP-5BC166,SBS-0130,desktop,pendiente,Dell,Inspire, Procesador I5-10400, 8 GB de Ram , Disco Solido de  1TB GB.,1561515747,,Activo,SISTEMAS,administrativo,sin observacion,Ninguno,,,,"{id:'',inventory_number:'',type:'',assigned_user_id:'',brand:'',model:'',processor:'',ram:'',hard_drive:'',serial_number:'',status:'',location:'',description:'',notes:'',requerimiento:'',created_at:now,updated_at:now},"
EQP-5BC167,EQP-5BC167,SBS-0131,desktop,pendiente,Dell,Inspire, Procesador I5-6400, 4 GB de Ram , Disco Solido de  240 GB.,1561515748,,Activo,DIRECCION GENERAL DE ADMINISTRACION Y PLANEACION,administrativo,ADMINISTRACION,Ninguno,,,,"{id:'',inventory_number:'',type:'',assigned_user_id:'',brand:'',model:'',processor:'',ram:'',hard_drive:'',serial_number:'',status:'',location:'',description:'',notes:'',requerimiento:'',created_at:now,updated_at:now},"
